Team,Name,Position,College,Vet
Green Bay Packers,Gavin Stewart,K,Georgia Southern,
Green Bay Packers,Taylor Elgersma,QB,Wilfrid Laurier,
Green Bay Packers,Brendan Hall,P,Montana State,
Green Bay Packers,Jack Struder,WR,Wisconsin-LA Crosse,
Green Bay Packers,Xander Mueller,LB,Northwestern,
Green Bay Packers,Luke Gunderson,LB,Northern State,
Green Bay Packers,Connor Shay,LB,Wyoming,
Green Bay Packers,Van Fillinger,DL,Utah,
Green Bay Packers,Gage King,LS,Central Florida,
Green Bay Packers,Jaden Smith,WR,Nevada,
Green Bay Packers,Ali Jennigns,WR,VA Tech,
Philadelphia Eagles,Ahmarean Brown, WR, South Carolina,Y
Philadelphia Eagles,Malik Knowles, WR, Kansas State,Y
Philadelphia Eagles,Michael Dogbe, IDL, Temple,Y
Philadelphia Eagles,Niko Lalos, LS, Dartmouth,Y
Philadelphia Eagles,Jacquez Stuart,RB,Toledo,
Philadelphia Eagles,Ife Adeyi,WR,Sam Houston,
Philadelphia Eagles,Nashir Morgan,WR,Delaware Valley,
Philadelphia Eagles,Giles Jackson,WR,Washington,
Philadelphia Eagles,Dalevon Campbell,WR,South Carolina,
Philadelphia Eagles,Drake Dabney,TE,TCU,
Philadelphia Eagles,Holden Willis,TE,Middle Tennessee State,
Philadelphia Eagles,Marcus Tate,OL,Clemson,
Philadelphia Eagles,Quinn Carroll,OL,Minnesota,
Philadelphia Eagles,Andrej Karic,OL,Tennessee,
Philadelphia Eagles,Anthony Campbell,DL,Miami,
Philadelphia Eagles,Kaimon Rucker,LB,UNC,
Philadelphia Eagles,RJ Moten,LB,Florida,
Philadelphia Eagles,Antonio Doyle,LB,UNLV,
Philadelphia Eagles,Ryan Meed,LB,Illinois,
Philadelphia Eagles,Carsen Patty,LB,Australia,
Philadelphia Eagles,Chico Bennett,LB,Virginia,
Philadelphia Eagles,Nico Toomer,DB,Indiana,
Philadelphia Eagles,Ridge Texada,DB,North Texas,
Philadelphia Eagles,Wyatt Ekeler,DB,Wyoming,
Philadelphia Eagles,Isaiah Greene,DB,Campbell,
Philadelphia Eagles,Trey Jones,DB,Texas A&M,
Philadelphia Eagles,Jordan Wright,DB,UConn,
Philadelphia Eagles,Kai Kroger,P,South Carolina,
Dallas Cowboys,Donovan Smith,QB,Houston,
Seattle Seahawks,Isaiah Hamilton,CB,Mississippi,
Seattle Seahawks,De'Rickey Wright,S,Vanderbilt,
Seattle Seahawks,Kam Alexander,CB,Oregon,
Seattle Seahawks,Will Rogers,QB,Washington,
Seattle Seahawks,Michael Love,WR,Long Island,
Seattle Seahawks,Steve Linton,LB,Baylor,
Seattle Seahawks,Zach Patterson,WR,Central Missouri,
Seattle Seahawks,John Rhys Plumlee,WR,Central Florida,Y
Seattle Seahawks,Donovan Kaufman,RB,North Carolina State,
Seattle Seahawks,Shamari Simmons,S,Arizona State,
Seattle Seahawks,K.J. Wallace,CB,UCLA,
Seattle Seahawks,Kobe Pace,RB,Virginia,
Seattle Seahawks,Tyreese Shakir,S,Portland State,
Seattle Seahawks,Julian Barnett,CB,Memphis,
Seattle Seahawks,Cam Stone,CB,Hawaii,
Seattle Seahawks,Tanner Volk,S,Central Washington,
Seattle Seahawks,Michael Batton,LB,Houston,
Seattle Seahawks,Wesley Steiner,FB,Washington State,
Seattle Seahawks,Bryzai White,TE,Northern Arizona,
Seattle Seahawks,Alphonzo Tuputala,LB,Washington,
Seattle Seahawks,D'Eryk Jackson,LB,Kentucky,
Seattle Seahawks,Matt Jaworski,LB,Fordham,
Seattle Seahawks,Nana Osafo-Mensah,DE,TCU,
Seattle Seahawks,Tevin Shipp,LB,Tennessee Martin,
Seattle Seahawks,Jalil Clemons,LB,Southern Missouri,
Seattle Seahawks,Connor Pay,C/G,BYU,
Seattle Seahawks,Marcus Wehr,C/G,Montana State,
Seattle Seahawks,Javontez Spraggins,G,Tennessee,
Seattle Seahawks,Tyler Elsbury,C,Iowa,
Seattle Seahawks,AJ Gillie,G,Louisiana-Lafayette,
Seattle Seahawks,Luke Felix-Fualalo,OT,Hawaii,
Seattle Seahawks,Brandon Casey,OT,Montana,
Seattle Seahawks,Mose Vavao,C,Fresno State,
Seattle Seahawks,Jalen Mayfield,G,Michigan,Y
Seattle Seahawks,Joey Hobert,WR,Texas State,
Seattle Seahawks,Montana Lemonius-Craig,WR,Arizona,
Seattle Seahawks,Thomas Burke,TE,New Jersey,
Seattle Seahawks,Montorie Foster,WR,Michigan State,
Seattle Seahawks,Sean Martin,DE,West Virginia,
Seattle Seahawks,Makius Scott,DE,Georgia Southern,
Seattle Seahawks,Shane Cokes,DE,Colorado,
Seattle Seahawks,Rylie Mills,DE,Notre Dame,
Seattle Seahawks,Brandon Brown,NT,Texas-San Antonio,
Seattle Seahawks,Jamie Sheriff,LB,South Alabama,Y
Kansas City Chiefs,Paxton DeLaurent,QB,Southeast Missouri State,
Kansas City Chiefs,Spencer Petras,QB,Utah State,
Kansas City Chiefs,Zach Zebrowski,QB,Central Missouri,
Kansas City Chiefs,Snoop Conner,RB,Mississippi,Y
Kansas City Chiefs,Jarod Epperson,RB,Augustana-SD,
Kansas City Chiefs,Darius Hale,RB,Central Arkansas,
Kansas City Chiefs,Qualan Jones,RB,Stephen F. Austin,
Kansas City Chiefs,Dante Cephas,WR,Kansas State,
Kansas City Chiefs,Christian Dremel,WR,Rutgers,
Kansas City Chiefs,Jaaron Hayek,WR,Villanova,Y
Kansas City Chiefs,Jimmy Holiday,WR,Louisiana Tech,
Kansas City Chiefs,Mark Mahoney,WR,Brown,
Kansas City Chiefs,Monterren Parks,WR,Utah,
Kansas City Chiefs,Key'Shawn Smith,WR,SMU,
Kansas City Chiefs,Dante Wright,WR,Temple,
Kansas City Chiefs,Damien Alford,WR,Utah,
Kansas City Chiefs,Jared Casey,TE,Kansas,
Kansas City Chiefs,Jake Roberts,TE,Oklahoma,
Kansas City Chiefs,Graham Walker,TE,Rice,
Kansas City Chiefs,Gabe Clark,OL,Central Missouri,
Kansas City Chiefs,Jason Collier,OL,Pittsburgh,
Kansas City Chiefs,DeVonte Gordon,OL,Wake Forrest,
Kansas City Chiefs,Brayden Keim,OL,BYU,
Kansas City Chiefs,Vershon Lee,OL,South Carolina,
Kansas City Chiefs,Joe Lombard,C,South Dakota,
Kansas City Chiefs,Micah Mazzccua,OL,Nebraska,
Kansas City Chiefs,Blaise Sparks,OL,Delaware,
Kansas City Chiefs,Jake Wiley,OL,Houston,
Kansas City Chiefs,Cameron Bergeron,LB,Duke,
Kansas City Chiefs,Morice Blackwell Jr.,LB,Texas A&M,
Kansas City Chiefs,Corey Flagg Jr.,LB,Missouri,
Kansas City Chiefs,Cooper McDonald,LB,TCU,
Kansas City Chiefs,Austin Moore,LB,Kansas State,
Kansas City Chiefs,Michael Moore,LB,Alabama-Birmingham,
Kansas City Chiefs,Greg Penn,LB,Louisiana State,
Kansas City Chiefs,Tristan Sinclair,LB,Stanford,
Kansas City Chiefs,Ahmad Walker,LB,SMU,
Kansas City Chiefs,Davonte Brown,CB,Florida State,
Kansas City Chiefs,Sean Fresch,CB,Rice,
Kansas City Chiefs,Devin Hembry,DB,North Dakota,
Kansas City Chiefs,Robert Jones III,CB,Howard,
Kansas City Chiefs,Cameron Watts,CB,New Mexico,
Kansas City Chiefs,Ajani Carter,DB,Houston,
Kansas City Chiefs,Joseph Charleston,S,Missouri,
Kansas City Chiefs,Marvin Grant,S,Kansas,
Kansas City Chiefs,Quinten Johnson,S,Michigan,
Kansas City Chiefs,Noa Pola-Gates,S,New Mexico,
Kansas City Chiefs,Kenyatta Watson,S,Georgia State,
Kansas City Chiefs,Major Williams,S,Carson-Newman,
Kansas City Chiefs,Chace Davis,DE,Bowling Green,
Kansas City Chiefs,Nusi Malani,DE,Washington State,
Kansas City Chiefs,Nate Matlack,DE,Pittsburgh,
Kansas City Chiefs,RJ Oben,DE,Notre Dame,
Kansas City Chiefs,Jireh Ojata,DE,Purdue,
Kansas City Chiefs,Marley Cook,DT,Miami (FL),
Kansas City Chiefs,Dal'Mont Gourdine,DT,Connecticut,
Kansas City Chiefs,Kevin Hester Jr.,NT,North Carolina,
Kansas City Chiefs,Gavin Meyer,DT,Southern California,
Kansas City Chiefs,Nate Muamba,DT,Akron,
Kansas City Chiefs,Malcolm Ray,DT,Rutgers,
Kansas City Chiefs,Trey Flint,LS,Missouri,
Kansas City Chiefs,Chris Tennant,K,Kansas Sate,
Baltimore Ravens,Brayden Schager,QB,Hawaii,
Baltimore Ravens,Collin Schlee,QB,Virginia Tech,
Baltimore Ravens,Sidiki Kone,RB,American International College,
Baltimore Ravens,Lucas Scott,FB,Army,
Baltimore Ravens,Cade McDonald,WR,Miami Oh,
Baltimore Ravens,Logan Tomlinson,WR,New Hampshire,
Baltimore Ravens,Ketron Jackson,WR,Baylor,
Baltimore Ravens,Kisean Johnson,WR,Western Kentucky,
Baltimore Ravens,Kamari Morales,TE,Boston College,
Baltimore Ravens,Dylan Poirier,OL,New Hampshire,
Baltimore Ravens,Isaac Bunyon,OG,Maryland,
Baltimore Ravens,Nishad Strother,OL,Oregon,
Baltimore Ravens,Thomas Perry,OG,Middlebury,
Baltimore Ravens,Nchabanu Fortaboh,OLB,Towson,
Baltimore Ravens,Julian Young,ILB,Colby,
Baltimore Ravens,Jacob Dobbs,ILB,James Madison,
Baltimore Ravens,Dvon J-Thomas,DT,Penn State,
Baltimore Ravens,Jonathan Ledbetter,DT,Georgia,Y
Baltimore Ravens,Nash Hutmacher,DT,Nebraska,
Baltimore Ravens,Woodi Washington,DB,Oklahoma,
Baltimore Ravens,Alexander Teubner,DB,Boise State,
Baltimore Ravens,Colton Spangler,P,Maryland,
Baltimore Ravens,John Hoyland,K,Wyoming,
Baltimore Ravens,Myles Redding,S,Mercer,
Baltimore Ravens,Demie Sumo-Karngbaye,RB,Kentucky,
Baltimore Ravens,Josh Wojciechowicz,LS,Colorado Mines,
Baltimore Ravens,Rob Carter Jr.,CB,Robert Morris,
Baltimore Ravens,Brian Ugwu,DE,Miami (OH),
Cincinnati Bengals,LaVonta Bentley,ILB,Colorado,
Buffalo Bills,Xzavier Henderson,WR,Cincinnati,
Buffalo Bills,Logan Collier,WR,North Alabama,
Buffalo Bills,Alex Felkins,K,Penn State,
Buffalo Bills,Ethan Duane,P,Buffalo,
Buffalo Bills,Will Rogers,QB,Washington,
Buffalo Bills,Cameron Lockridge,DB,Fresno State,
Buffalo Bills,Paxton DeLaurent,QB,Southeast Missouri,
Buffalo Bills,Kyle Romenick,P,Elon,
Buffalo Bills,MJ Griffin,DB,Louisville,
Buffalo Bills,Jacquez Stuart,RB,Toledo,
Buffalo Bills,Damaje Yancey,DB,Troy,
Buffalo Bills,Rahjai Harris,RB,East Carolina,
Buffalo Bills,Joshua Carter,RB,Eastern Kentucky,
Buffalo Bills,Flip Dixon,DB,Rutgers,
Buffalo Bills,Jamal Ligon,LB,UTSA,
Buffalo Bills,Noah Martin,LB,Samford,
Buffalo Bills,TaMuarion Wilson,LB,Central Arkansas,
Buffalo Bills,Mason Napper,LS,Miami,
Buffalo Bills,Jonathan Mendoza,OL,Louisville,
Buffalo Bills,Levi Rogers,OL,Stanford,
Buffalo Bills,Decarius Hawthorne,DT,South Florida,
Buffalo Bills,DJ Jones,OL,UAB,
Buffalo Bills,Elijah Alston,DE,Marshall,
Buffalo Bills,Matt Jaworski,DE,Fordham,
Buffalo Bills,Marcus Harris,DT,Kansas,
Buffalo Bills,Gerquan Scott,OL,Ole Miss,
Carolina Panthers,Miles Cross,WR,Indiana,
Carolina Panthers,Ositadinma Ekwonu,LB,Charlotte,
Carolina Panthers,Abe Camara,S,TCU,
Carolina Panthers,Graham Walker,TE,Rice,
Carolina Panthers,Irikefe Oweh,S,Monmouth,
Carolina Panthers,Peny Boone,RB,UCF,
Carolina Panthers,Jaaron Joseph,S/CB,Emporia State,
Carolina Panthers,Sevonne Rhea,WR,Lamar,
Carolina Panthers,Jaheim Thomas,LB,Wisconsin,
Carolina Panthers,Sylvain Yondjouen,DE,Georgia Tech,
Carolina Panthers,Kydran Jenkins,OLB,Purdue,
Carolina Panthers,AJ Moore,S,Ole Miss,
Carolina Panthers,Keion Crossen,CB,Western Carolina,
Carolina Panthers,Brady Breeze,S,Oregon,
Houston Texans,Kai Kroeger,P,South Carolina,
Houston Texans,Mason Tharp,TE,Texas Tech,
Indianapolis Colts,Matthew Akuchie,WR,William & Mary,
Indianapolis Colts,Jordan Bingham,WR,Moravian,
Indianapolis Colts,Dylan Brown,CB,Wisconsin-River Falls,
Indianapolis Colts,Keydrain Calligan,CB,Southeastern Louisiana,
Indianapolis Colts,Ryan Heicher,P,Arkansas State,
Indianapolis Colts,Michael Love,WR,Long Island,
Indianapolis Colts,Peter Moore,P,Virginia Tech,
Indianapolis Colts,Jordan Riley,S,Kansas State,
Indianapolis Colts,CJ Wiggins,WR,Missoui Science & Tech,
Indianapolis Colts,Evan Slocum,CB,Wake Forest,
Indianapolis Colts,Darwin Barlow,RB,UNC,
Indianapolis Colts,Tyson Lawton,RB,Indiana,
Indianapolis Colts,Reggie Love,RB,Purdue,
Indianapolis Colts,Nay'Quan Wright,RB,South Florida,
Indianapolis Colts,Shiloh Means,S,Penn,
Indianapolis Colts,Trevor Wilson,WR,Kansas,
Indianapolis Colts,Luke Gunderson,LB,Northern State,
Indianapolis Colts,Tevin Shipp,LB,Tennessee-Martin,
Indianapolis Colts,Joseph Shimko,LS,NC State,
Indianapolis Colts,Joseph Vaughn,LB,UCLA,
Indianapolis Colts,Devin Veresuk,LB,Windsor,
Indianapolis Colts,Jake Chaney,LB,Wisconsin,
Indianapolis Colts,Jacob Gardner,G,Colorado State,
Indianapolis Colts,Bardhyl Gashi,C,Colgate,
Indianapolis Colts,Maverick Hansen,C,Michigan State,
Indianapolis Colts,Marcus Harper,G,Oregon,
Indianapolis Colts,Santana Saunders,G,Old Dominion,
Indianapolis Colts,Javontez Spraggins,G,Tennessee,
Indianapolis Colts,Brayden Swartout,OT,Central Michigan,
Indianapolis Colts,Michael Ford,G,Kansas,
Indianapolis Colts,Mose Vavao,C,Fresno State,
Indianapolis Colts,Caeleb Bass,TE,West Alabama,
Indianapolis Colts,Shane Calhoun,TE,Texas A&M,
Indianapolis Colts,Deontae Craig,DE,Iowa,
Indianapolis Colts,Anthonie Lattany,IDL,Wofford,
Indianapolis Colts,Dezmond Tell,IDL,Louisville,
Indianapolis Colts,Brian Ugwu,DE,Miami (OH),
Indianapolis Colts,Caiden Woullard,DE,Oklahoma,
San Francisco 49ers,Kenneth Almendares,K,Louisiana Lafayette,
San Francisco 49ers,Ali Jennings III,WR,Virginia Tech,
San Francisco 49ers,Jack Browning,P,San Diego State,
San Francisco 49ers,Money Parks,WR,Utah,
San Francisco 49ers,Hank Bachmeier,QB,Wake Forest,
San Francisco 49ers,Derrick Canteen,CB,Cincinnati,
San Francisco 49ers,Ed Woods,CB,Michigan State,
San Francisco 49ers,Nick Ostmo,RB,Montana,
San Francisco 49ers,Kobe Savage,S,Oregon,
San Francisco 49ers,James Burgess Jr.,CB,Alabama State,
San Francisco 49ers,Jonathan McGill,S,Southern Methodist,
San Francisco 49ers,Maceo Beard,S,Potsdam,
San Francisco 49ers,Tre Jenkins,S,San Jose State,
San Francisco 49ers,Jack Howell,S,Colorado State,
San Francisco 49ers,Mark Mahoney,TE,Brown,
San Francisco 49ers,Bentley Hanshaw,TE,Liberty,
San Francisco 49ers,Jordan Silver,LS,Arkansas,
San Francisco 49ers,Michael Moore,LB,Alabama at Birmingham,
San Francisco 49ers,Tristan Sinclair,LB,Stanford,
San Francisco 49ers,Ty French,LB,West Virginia,
San Francisco 49ers,Jacob Gideon,OL,Western Michigan,
San Francisco 49ers,Micah Mazzccua,OL,Nebraska,
San Francisco 49ers,Marcus Wehr,OL,Montana State,
San Francisco 49ers,Eric Phillips,DL,Cincinnati,
San Francisco 49ers,Ali Saad,DL,Bowling Green,
San Francisco 49ers,Elijah Hills,DL,Wisconsin,
San Francisco 49ers,Bo Belquist,WR,North Dakota,
San Francisco 49ers,D'Quan Douse,DL,Michigan State,
San Francisco 49ers,Steve Linton,DL,Baylor,
San Francisco 49ers,Brendan Mott,DL,Kansas State,
Tennessee Titans,Donovan Smith,QB,Houston,
Tennessee Titans,TJ Sheffield,WR,Connecticut,
Tennessee Titans,Kenyatta Watson II,S,Georgia State,
Tennessee Titans,Jacob Dobbs,ILB,James Madison,
Tennessee Titans,Ethan Barr,ILB,Central Florida,
Tennessee Titans,Van Fillinger,OLB,Utah,
Tennessee Titans,Kevin Swint,OLB,Georgia State,
Tennessee Titans,Brandon Yates,C,West Virginia,
Tennessee Titans,Drake Dabney,TE,TCU,
Tennessee Titans,Dennis Briggs Jr.,DE,Illinois,
Tennessee Titans,Makius Scott,DT,Georgia Tech,
Washington Commanders,Colin Schlee,QB,Virginia Tech,
Washington Commanders,Nathan Peterman,QB,Pittsburgh,
Washington Commanders,Trenton Irvin,WR,Stanford,
Washington Commanders,Dorian Anderson,WR,Southeast Missouri State,
Washington Commanders,Ife Adeyi,WR,Sam Houston,
Washington Commanders,Peyton Buckley,DB,Augustana University,
Washington Commanders,Gabe Taylor,DB,Rice,
Washington Commanders,Kaylin Moore,DB,UCLA,
Washington Commanders,Brandon Turnage,DB,Mississippi,
Washington Commanders,Xavier Robiou,DB,Howard,
Washington Commanders,Keegan Jones,RB,UCLA,
Washington Commanders,Xander Mueller,LB,Northwestern,
Washington Commanders,Maurice Smith,OL,Florida State University,
Washington Commanders,Yoseph Carter,OL,Western Illinois University,
Washington Commanders,Ben Wrather,OL,Northwestern,
Washington Commanders,Tyre Phillips,OL,Mississippi State,
Washington Commanders,Maliq Carr,TE,University of Houston,
Washington Commanders,Jude Wolfe,TE,San Diego State,
Washington Commanders,Ross Blacklock,DL,TCU,
Washington Commanders,Deandre Jules,DL,University of South Carolina,
Washington Commanders,Austin Bryant,DL,Clemson,
Atlanta Falcons,Kam Alexander ,CB ,Oregon,
Atlanta Falcons,Lawrence Arnold ,WR? ,Kansas,
Atlanta Falcons,Juan Davis ,TE ,Texas,
Atlanta Falcons,Ben DiNucci ,QB? ,James Madison,
Atlanta Falcons,Trenton Gill ,P ,N.C. State,
Atlanta Falcons,Michael Gonzalez ,OL ,Louisville,
Atlanta Falcons,Carson Heidecker ,OL ,Ohio,
Atlanta Falcons,Kevin Hester Jr. ,DL? ,North Carolina,
Atlanta Falcons,Caleb Johnson ,LB ,Houston Christian,
Atlanta Falcons,Quinten Johnson ,DB ,Michigan,
Atlanta Falcons,James Jones IV ,CB ,Air Force,
Atlanta Falcons,Christian Matthew ,CB ,Valdosta St.,
Atlanta Falcons,Kamari Morales,TE,Boston College,
Atlanta Falcons,Ozzie Nicholas ,LB ,Duke,
Atlanta Falcons,Hunter Rogers ,LS ,South Carolina,
Atlanta Falcons,Kristian Story ,DB ,Kentucky,
Atlanta Falcons,Marlon Taylor ,DL ,UT Chattanooga,
Atlanta Falcons,Deven Thompkins ,WR ,Utah St.,
Atlanta Falcons,KJ Wallace ,DB ,UCLA,
Atlanta Falcons,Zak Wallace ,RB? ,Arkansas St.,
Atlanta Falcons,Ajani Williams ,WR? ,Morehouse,
Chicago Bears,Lachlan Wilson,P,California,
Chicago Bears,Matthew Downing,QB,Elon,
Chicago Bears,Christian Grubb,RB,Portland State,
Chicago Bears,Bryquice Browns,DB,Boston College,
Chicago Bears,Sheldon Arnold II,DB,Central Florida,
Chicago Bears,Jeremiah Walker,DB,Stephen F. Austin,
Chicago Bears,Jordan Mahoney,DB,Arkansas State,
Chicago Bears,Bryan Addison,DB,UCLA,
Chicago Bears,Devin Kirkwood,DB,UCLA,
Chicago Bears,Isaiah Greene,DB,Campbell,
Chicago Bears,Reggie Brown,TE,Tulane,
Chicago Bears,Michael Batton,LB,Houston,
Chicago Bears,Thomas Gordon,TE,Northwestern,
Chicago Bears,Sebastian Pares,OL,Eastern Illinois,
Chicago Bears,Vershon Lee,OL,South Carolina,
Chicago Bears,Vincent Murphy,OL,Tulane,
Chicago Bears,Brayden Keim,OL,BYU,
Chicago Bears,Emmit Bohle,OL,Arizona State,
Chicago Bears,Jeremiah Hunter,WR,Washington,
Chicago Bears,Dominick Mazotti,TE,Massachusetts-Amherst,
Chicago Bears,Giovanni Paez,DL,LSU,
Chicago Bears,Nana Asare Osafo-Mensah,DL,TCU,
Chicago Bears,Cole Nelson,DL,Virginia Tech,
Cleveland Browns,Peter Montini,FB,Colorado State,
Cleveland Browns,Kisean Johnson,WR,Western Kentucky,
Cleveland Browns,Zach Patterson,WR,Central Missouri State,
Cleveland Browns,Cade McDonald,WR,Miami (OH),
Cleveland Browns,Malcolm Johnson,WR,Bowling Green,
Cleveland Browns,Luke Floriea,WR,Kent State,
Cleveland Browns,Jabre Barber,WR,Texas A&M,
Cleveland Browns,John Samuel Shenker,TE,Auburn,
Cleveland Browns,Deontay Campbell,TE,Missouri Southern State,
Cleveland Browns,Keshawn Toney,TE,South Carolina State,
Cleveland Browns,Mitch Van Vooren,TE,St. Norbert,
Cleveland Browns,Cam’Ron Johnson,OG,Missouri,
Cleveland Browns,John Pius,DE,Wisconsin,
Cleveland Browns,Davin Vann,DE,North Carolina State,
Cleveland Browns,Ty Wise,LB,Miami (OH),
Cleveland Browns,Donald Willis,LB,Western Michigan,
Cleveland Browns,Matt Hudson,LB,Memphis,
Cleveland Browns,Macklin Ayers,LB,Massachusetts-Amherst,
Cleveland Browns,Tahveon Nicholson,CB,Louisville,
Cleveland Browns,Jordan Wright,CB,Connecticut,
Cleveland Browns,Christian Ais,CB,New Haven,
Cleveland Browns,Austin McKinney,CB,Northwest Missouri State,
Cleveland Browns,Iverson Brown,S,Southern Illionois,
Cleveland Browns,Joseph Charleston,S,Missouri,
Cleveland Browns,Michael Hughes,K,Appalachian State,
Cleveland Browns,Avery Brook,P,Akron,
Denver Broncos,C.J. Baskerville,S,Texas Tech,
Denver Broncos,Henry Blackburn,S,Colorado State,
Denver Broncos,Kolby Borders,C/G,Miami (OH),
Denver Broncos,Ty Bowman,WR,Kansas State,
Denver Broncos,Brandon Casey,T/G,Montana,
Denver Broncos,Gabe Clark,G/T,Central Missouri,
Denver Broncos,Shane Cokes,DL,Colorado,
Denver Broncos,Cameron Cooper,G,Lindenwood,
Denver Broncos,Wyett Ekeler,S,Wyoming,
Denver Broncos,Owen Goss,S,Arizona,
Denver Broncos,Michael Harrison,TE,San Diego State,
Denver Broncos,Christian Johnstone,LS,Appalachian State,
Denver Broncos,Zach Kennedy,DL,UC Davis,
Denver Broncos,Justin Mayers,G,Colorado,
Denver Broncos,Max McLeod,WR,Colorado School of Mines,
Denver Broncos,Gavin Pringle,CB,Georgia State,
Denver Broncos,Makeah Scippio,OLB,CSU-Pueblo,
Denver Broncos,M.J. Sherman,OLB,Nebraska,
Denver Broncos,Elijah Spencer,WR,Minnesota,
Denver Broncos,Blake Stenstrom,QB,Princeton,
Denver Broncos,Chris Tennant,K,Kansas State,
Denver Broncos,Travis Theis,RB,South Dakota,
Denver Broncos,Taylor Tosches,WR,CSU-Pueblo,
Denver Broncos,Jordan Turner,ILB,Michigan State,
Denver Broncos,Andrew Volmar,CB,Bethune-Cookman,
Denver Broncos,Saiku White,S,Lafayette,
Denver Broncos,Kyrese White,WR,Utah State,
Denver Broncos,Jake Wiley,T/G,Houston,
Denver Broncos,Aaron Young,RB,Old Dominion,
Detroit Lions,Cole Snyder,QB,Eastern Michigan,
Detroit Lions,Duane Martin,FB,Louisville,
Detroit Lions,Ahmarean Brown,WR,South Carolina,Y
Detroit Lions,Malik Taylor,WR,Ferris State,Y
Detroit Lions,Luke Deal,TE,Auburn,
Detroit Lions,Bryce Benhart,OT,Nebraska,
Detroit Lions,Corey Suttle,DL,Miami (OH),
Detroit Lions,Trevis Gipson,DL,Tulsa,Y
Detroit Lions,Raequan Williams,DL,Michigan State,Y
Detroit Lions,Breiden Fehoko,DL,LSU,Y
Detroit Lions,Keith Cooper Jr.,EDGE,Houston,
Detroit Lions,Corey Flagg Jr.,LB,Missouri,
Detroit Lions,Malachi Langley,LB,Fresno State,
Detroit Lions,Isaiah Rutherford,CB,UMass,
Detroit Lions,Tavian Montgomery,CB,Central Connecticut State,Y
Detroit Lions,Tyson Russell,CB,Vanderbilt,
Detroit Lions,Duke Shelley,CB,Kansas State,Y
Detroit Lions,Naim Muhammad,CB,Kent State,
Detroit Lions,Aamir Hall,S,Michigan,
Jacksonville Jaguars,Kinkead Dent,QB,Tennessee-Martin,
Las Vegas Raiders,Owen Goss,S,Arizona,
Las Vegas Raiders,Demilon Brown,QB,Arkansas Monticello,
Las Vegas Raiders,Hajj-Malik Williams,QB,UNLV,
Las Vegas Raiders,Kayvon Britten,RB,Tarleton State,
Las Vegas Raiders,Devyn Ford,RB,Notre Dame,
Las Vegas Raiders,Khalan Griffin,RB,Lamar,
Las Vegas Raiders,Kris Mitchell,WR,Notre Dame,
Las Vegas Raiders,Jake Roberts,TE,Oklahoma,
Las Vegas Raiders,Bless Harris,OT,TCU,
Las Vegas Raiders,Jeremy James,G,Mississippi,
Las Vegas Raiders,Josh Carlin,G,UCLA,
Las Vegas Raiders,Lyle Santos,G,Southern Utah,
Las Vegas Raiders,Tanner Miller,C,Michigan State,
Las Vegas Raiders,D'Angalo Titialii,C,Washington,
Las Vegas Raiders,Weston Franklin,C,Georgia Tech,
Las Vegas Raiders,Dustyn Hall,C,East Carolina,
Las Vegas Raiders,Connor Pay,C,BYU,
Las Vegas Raiders,Kevin Pointer,IDL,Wake Forest,
Las Vegas Raiders,Jahfari Harvey,EDGE,SMU,
Las Vegas Raiders,Kendall Paul,CB,East Texas A&M,
Las Vegas Raiders,Lorando Johnson,CB,Baylor,
Las Vegas Raiders,Isaiah Rutherford,CB,UMass,
Las Vegas Raiders,Quinn Schulte,S,Iowa,
Las Vegas Raiders,Camby Goff,S,Air Force,
Las Vegas Raiders,Herman Smith III,S,Colorado,
Las Vegas Raiders,Tom Callahan,LS,Syracuse,
Las Vegas Raiders,Jordan Taylor,CB,James Madison,
Las Vegas Raiders,Gavin Stewart,K,Georgia Southern,
Los Angeles Chargers,Spencer Petras,QB,Utah State,
Los Angeles Chargers,Jameson Wang,QB,Cornell,
Los Angeles Chargers,Collin Brunstein,WR,Illinois College,
Los Angeles Chargers,Nathaniel Salmon,TE,New Zealand,
Los Angeles Chargers,Isaac Bunyun,G,Maryland,
Los Angeles Chargers,Ethan Miner,C,Mississippi State,
Los Angeles Chargers,Gilber Edmond,EDGE,South Carolina,
Los Angeles Chargers,Johnny Hodges,LB,TCU,
Los Angeles Chargers,Alaka'i Gilman,S,Utah,
Los Angeles Chargers,Jimmy Bell Jr.,OT,Mississippi State,
Los Angeles Chargers,Michael Lantz,K,USC,
Miami Dolphins,Sam Brown Jr.,WR,Miami,
Miami Dolphins,RJ Oben,EDGE,Notre Dame,
Miami Dolphins,Brett Gabbert,QB,Miami (OH),
Miami Dolphins,DeVonte Tanksley,WR,UT Martin,
Miami Dolphins,Kamari Morales,TE,Boston College,
Miami Dolphins,Jared Casey,TE,Kansas,
Miami Dolphins,Peter Montini,TE,Colorado State,
Miami Dolphins,John Campbell Jr.,OT,Tennessee,
Miami Dolphins,Preston Wilson,G,Oklahoma State,
Miami Dolphins,Nick Malone,G,West Virginia,
Miami Dolphins,Cooper Mays,C,Tennessee,
Miami Dolphins,Zach Carpenter,C,Miami,
Miami Dolphins,Gavin Meyer,IDL,USC,
Miami Dolphins,Phillip Webb,EDGE,Jackson State,
Miami Dolphins,Amin Vanover,EDGE,Penn State,
Miami Dolphins,Jestin Jacobs,LB,Oregon,
Miami Dolphins,Derek Wingo,LB,Florida,
Miami Dolphins,Seyi Oladipo,CB,Boise State,
Miami Dolphins,Ramon Henderson,S,UCLA,
Miami Dolphins,Braden Price,S,Rhode Island,
Miami Dolphins,Jacob Garcia,LS,Utah State,
Minnesota Vikings,Tommi Hill,CB,Nebraska,
Minnesota Vikings,Zach Zebrowski,QB,Central Missouri,
Minnesota Vikings,Hope Adebayo,RB,St. Thomas (MN),
Minnesota Vikings,Jarod Epperson,RB,Augustana (SD),
Minnesota Vikings,Robert McMinn,WR,Alabama State,
Minnesota Vikings,Montigo Moss,WR,Maine,
Minnesota Vikings,Elijah Ellis,OT,Marshall,
Minnesota Vikings,Nathan Kapongo,IDL,Akron,
Minnesota Vikings,Anthony Campbell,IDL,Miami,
Minnesota Vikings,Quantez Mansfield,IDL,North Carolina Central,
Minnesota Vikings,Chico Bennett Jr.,EDGE,Virginia,
Minnesota Vikings,Matt Harmon,EDGE,Kent State,
Minnesota Vikings,Brody Grebe,EDGE,Montana State,
Minnesota Vikings,Elijah Williams,EDGE,Morgan State,
Minnesota Vikings,Robert Jones III,CB,Howard,
Minnesota Vikings,Javerius McGuinn,CB,Missouri Western,
Minnesota Vikings,Paul Lewis III,S,Akron,
Minnesota Vikings,Trey Adams III,S,Stephen F. Austin,
Minnesota Vikings,Austin Riggs,LS,Rutgers,
Minnesota Vikings,Mitch Jeter,K,Notre Dame,
New England Patriots,Jake Willcox,QB,Brown,
New England Patriots,Phil Lutz,WR,Delaware,
New England Patriots,Duane Martin,TE,Louisville,
New England Patriots,DeVonte Gordon,OT,Wake Forest,
New England Patriots,Mehki Butler,G,Arkansas State,
New England Patriots,Tuli Teuhema,C,Tarleton State,
New England Patriots,Bryce Ganious,IDL,Wake Forest,
New England Patriots,Wilfried Pene,IDL,Virginia Tech,
New England Patriots,Nchabanu Fortaboh,EDGE,Towson,
New England Patriots,Hector Johnson,EDGE,Endicott,
New England Patriots,Chris Mills,CB,Texas State,
New England Patriots,RJ Moten,S,Florida,
New England Patriots,Myles Redding,S,Mercer,
New Orleans Saints,Hunter Dekkers,QB,Iowa Western (JUCO),
New Orleans Saints,Roderick Daniels Jr.,WR,SMU,
New Orleans Saints,Chris Carpenter,WR,UTSA,
New Orleans Saints,Holden Willis,TE,Middle Tennessee,
New Orleans Saints,Joey Lombard,C,South Dakota,
New Orleans Saints,Patrick Jenkins,IDL,Tulane,
New Orleans Saints,Brandon Brown,IDL,UTSA,
New Orleans Saints,Brendan Bell,LB,Villanova,
New Orleans Saints,Cam Watts,CB,New Mexico,
New Orleans Saints,JaVaughn Byrd,CB,Northern Illinois,
New Orleans Saints,Travis Martin,S,Langston,
New Orleans Saints,Eric Cumberbatch,CB,Ottawa,
New York Giants,Myles Crawley,QB,Grambling State,
New York Giants,Sammy Edwards,QB,Valdosta State,
New York Giants,Irv Mulligan,RB,Jackson State,
New York Giants,Avery Morrow,RB,Colorado State,
New York Giants,Rontavious Farmer,RB,St. Thomas (FL),
New York Giants,Trey Sanders,RB,TCU,
New York Giants,Nate McCollum,WR,North Carolina,
New York Giants,Ja'Khi Douglas,WR,Florida State,
New York Giants,Landon Ruggieri,WR,Bryant,
New York Giants,Jimmy Holiday,WR,Louisiana Tech,
New York Giants,Redd Douglas,WR,Findlay,
New York Giants,Chase Lane,WR,Georgia Tech,
New York Giants,Noah Coyne,WR,Case Western Reserve,
New York Giants,Christian Dremel,WR,Rutgers,
New York Giants,Tyler Fromm,TE,Georgia Southern,
New York Giants,Kyle Morlock,TE,Florida State,
New York Giants,Kaleo Ballungay,TE,UNLV,
New York Giants,Parker Moorer,OT,East Carolina,
New York Giants,Nate Williams,OT,San Diego State,
New York Giants,Jeremy Jones,OT,Marshall,
New York Giants,RJ Perry,OT,USF,
New York Giants,Braylen Nelson,OT,Fresno State,
New York Giants,Erik Andersen,G,Western,
New York Giants,Lucas Scott,G,Army,
New York Giants,Jason Collier Jr.,G,Pitt,
New York Giants,Dylan Poirier,C,New Hampshire,
New York Giants,Trent Holler,C,Memphis,
New York Giants,Logan Zschernitz,C,Northern Illinois,
New York Giants,Reece McIntyre,C,Mississippi,
New York Giants,Thor Griffith,IDL,Louisville,
New York Giants,CJ Clark,IDL,Miami,
New York Giants,Ricky Correia,IDL,Cal,
New York Giants,Javier Derritt,IDL,Kansas,
New York Giants,Jeremiah Ojo,EDGE,Montreal,
New York Giants,Nick Gaes,EDGE,South Dakota,
New York Giants,Khairi Manns,EDGE,James Madison,
New York Giants,Khris Bogle,EDGE,Michigan State,
New York Giants,Quashon Fuller,EDGE,Maryland,
New York Giants,Greg Penn III,LB,LSU,
New York Giants,Ryan Meed,LB,Illinois,
New York Giants,EJ Green,LB,Old Dominion,
New York Giants,Corey Thomas Jr.,LB,Virginia,
New York Giants,Jalil Clemons,LB,Southern Miss,
New York Giants,TJ Moore,CB,Mercer,
New York Giants,Sean Fresch,CB,Rice,
New York Giants,Jaydon Hill,CB,Texas A&M,
New York Giants,Terrence Spence,CB,James Madison,
New York Giants,Isaiah Essissima,CB,Colorado State,
New York Giants,Cameron Oliver,CB,UNLV,
New York Giants,Corey Coley,CB,North Carolina State,
New York Giants,Isaiah Mcelvane,S,Louisiana Tech,
New York Giants,Tyrone Lewis Jr.,S,Louisiana,
New York Giants,Coco Azema,S,Northwestern,
New York Giants,Bryson Shaw,S,USC,
New York Giants,Brian Buschini,P,Nebraska,
New York Giants,Blake Arnoult,LS,Coastal Carolina,
New York Giants,Abraham Montano,K,New Mexico State,
New York Jets,Lawrance Toafili,RB,Florida State,
New York Jets,Taji Johnson,WR,Buffalo,
New York Jets,Avery Boyd,TE,Georgia Tech,
New York Jets,Kevin Burkett,OT,Elon,
New York Jets,Michael Fletcher,EDGE,Appalachian State,
New York Jets,Connor Shay,LB,Wyoming,
New York Jets,Giovanni Williams,LB,Miles,
New York Jets,Warren Burrell,CB,Georgia Tech,
New York Jets,Shamari Simmons,S,Arizona State,
New York Jets,Trey Jones III,S,Texas A&M,
New York Jets,Andrew Stokes,P,USF,
Pittsburgh Steelers,Seth Morgan,QB,New Hampshire,
Pittsburgh Steelers,Omarion Dollison,WR,James Madison,
Pittsburgh Steelers,Hollis Mathis,WR,William & Mary,
Pittsburgh Steelers,Montana Lemonious-Craig,WR,Arizona,
Pittsburgh Steelers,Tommy Smith,TE,Rhode Island,
Pittsburgh Steelers,Gareth Warren,OT,Lindenwood,
Pittsburgh Steelers,Thomas Perry,C,Middlebury,
Pittsburgh Steelers,Dominic Serapiglia III,C,Central Michigan,
Pittsburgh Steelers,Nate Matlack,EDGE,Pitt,
Pittsburgh Steelers,Bam Brima,EDGE,Pitt,
Pittsburgh Steelers,Fred Stokes Jr.,EDGE,Prairie View A&M,
Pittsburgh Steelers,Morice Blackwell Jr.,LB,Texas,
Pittsburgh Steelers,Debo Williams,LB,South Carolina,
Pittsburgh Steelers,Ridge Texada,CB,North Texas,
Pittsburgh Steelers,Eddie Faulkner IV,CB,Slippery Rock,
Pittsburgh Steelers,JaVaughn Byrd,CB,Northern Illinois,
Pittsburgh Steelers,Max Hurleman,S,Notre Dame,
Pittsburgh Steelers,Jayden Johnson,S,Arkansas,
Pittsburgh Steelers,Phillip O'Brien Jr.,S,Pitt,
Pittsburgh Steelers,Donato Crisanti,LS,Rhode Island,
Pittsburgh Steelers,Fraser Masin,P,Mississippi,
Tampaa Bay Buccaneers,Connor Watkins,QB,Villanova,
Tampaa Bay Buccaneers,Jordan McCloud,QB,Texas State,
Tampaa Bay Buccaneers,Shane Watts,RB,Fort Hays State,
Tampaa Bay Buccaneers,Tyler Echeverry,RB,Mount Union,
Tampaa Bay Buccaneers,Melquan Stovall,WR,Arizona State,
Tampaa Bay Buccaneers,Winston Wright Jr.,WR,East Carolina,
Tampaa Bay Buccaneers,Dino Tomlin,WR,Boston College,
Tampaa Bay Buccaneers,Jaden Smith,WR,Nevada,
Tampaa Bay Buccaneers,Derwin Burgess Jr.,WR,Georgia Southern,
Tampaa Bay Buccaneers,Justin Ball,TE,Mississippi State,
Tampaa Bay Buccaneers,Tuni Fifita,TE,Nebraska Kearney,
Tampaa Bay Buccaneers,Spencer Brown,OT,Oklahoma,
Tampaa Bay Buccaneers,Andrej Karic,G,Tennessee,
Tampaa Bay Buccaneers,Nate Kalepo,G,Mississippi,
Tampaa Bay Buccaneers,CJ James Jr.,C,UTSA,
Tampaa Bay Buccaneers,Dvon J-Thomas,IDL,Penn State,
Tampaa Bay Buccaneers,Mason Narcisse,IDL,Louisiana,
Tampaa Bay Buccaneers,Joey Slackman,IDL,Florida,
Tampaa Bay Buccaneers,Anton Juncaj,EDGE,Arkansas,
Tampaa Bay Buccaneers,Chantz Williams,EDGE,Charlotte,
Tampaa Bay Buccaneers,Nick Jackson,LB,Iowa,
Tampaa Bay Buccaneers,Colin Ramos,LB,Navy,
Tampaa Bay Buccaneers,Adam Bock,LB,South Dakota State,
Tampaa Bay Buccaneers,Micah Cretsinger,LB,Saginaw Valley State,
Tampaa Bay Buccaneers,Robbie Peterson Jr.,CB,Northern Iowa,
Tampaa Bay Buccaneers,JayVian Farr,CB,Augustana (SD),
Tampaa Bay Buccaneers,Lejond Cavazos,CB,Michigan State,
Tampaa Bay Buccaneers,Will Brooks,S,Tennessee,
Tampaa Bay Buccaneers,Colby Cox,LS,Memphis,
Tampaa Bay Buccaneers,Evan Bearden,IDL,UC Davis,
Tampaa Bay Buccaneers,Alex Raynor,K,Kentucky,
