SOURCE,Round,Pick,Team
Tankathon,1,1,Tennessee
Tankathon,1,2,Cleveland
Tankathon,1,3,NY Giants
Tankathon,1,4,New England
Tankathon,1,5,Jacksonville
Tankathon,1,6,Las Vegas
Tankathon,1,7,NY Jets
Tankathon,1,8,Carolina
Tankathon,1,9,New Orleans
Tankathon,1,10,Chicago
Tankathon,1,11,San Francisco
Tankathon,1,12,Dallas
Tankathon,1,13,Miami
Tankathon,1,14,Indianapolis
Tankathon,1,15,Atlanta
Tankathon,1,16,Arizona
Tankathon,1,17,Cincinnati
Tankathon,1,18,Seattle
Tankathon,1,19,Tampa Bay
Tankathon,1,20,Denver
Tankathon,1,21,Pittsburgh
Tankathon,1,22,LA Chargers
Tankathon,1,23,Green Bay
Tankathon,1,24,Minnesota
Tankathon,1,25,Houston
Tankathon,1,26,LA Rams
Tankathon,1,27,Baltimore
Tankathon,1,28,Detroit
Tankathon,1,29,Washington
Tankathon,1,30,Buffalo
Tankathon,1,31,Kansas City
Tankathon,1,32,Philadelphia
Tankathon,2,33,Cleveland
Tankathon,2,34,NY Giants
Tankathon,2,35,Tennessee
Tankathon,2,36,Jacksonville
Tankathon,2,37,Las Vegas
Tankathon,2,38,New England
Tankathon,2,39,Chicago
Tankathon,2,40,New Orleans
Tankathon,2,41,Chicago
Tankathon,2,42,NY Jets
Tankathon,2,43,San Francisco
Tankathon,2,44,Dallas
Tankathon,2,45,Indianapolis
Tankathon,2,46,Atlanta
Tankathon,2,47,Arizona
Tankathon,2,48,Miami
Tankathon,2,49,Cincinnati
Tankathon,2,50,Seattle
Tankathon,2,51,Denver
Tankathon,2,52,Seattle
Tankathon,2,53,Tampa Bay
Tankathon,2,54,Green Bay
Tankathon,2,55,LA Chargers
Tankathon,2,56,Buffalo
Tankathon,2,57,Carolina
Tankathon,2,58,Houston
Tankathon,2,59,Baltimore
Tankathon,2,60,Detroit
Tankathon,2,61,Washington
Tankathon,2,62,Buffalo
Tankathon,2,63,Kansas City
Tankathon,2,64,Philadelphia
Tankathon,3,65,NY Giants
Tankathon,3,66,Kansas City
Tankathon,3,67,Cleveland
Tankathon,3,68,Las Vegas
Tankathon,3,69,New England
Tankathon,3,70,Jacksonville
Tankathon,3,71,New Orleans
Tankathon,3,72,Chicago
Tankathon,3,73,NY Jets
Tankathon,3,74,Carolina
Tankathon,3,75,San Francisco
Tankathon,3,76,Dallas
Tankathon,3,77,New England
Tankathon,3,78,Arizona
Tankathon,3,79,Houston
Tankathon,3,80,Indianapolis
Tankathon,3,81,Cincinnati
Tankathon,3,82,Seattle
Tankathon,3,83,Pittsburgh
Tankathon,3,84,Tampa Bay
Tankathon,3,85,Denver
Tankathon,3,86,LA Chargers
Tankathon,3,87,Green Bay
Tankathon,3,88,Jacksonville
Tankathon,3,89,Houston
Tankathon,3,90,LA Rams
Tankathon,3,91,Baltimore
Tankathon,3,92,Seattle
Tankathon,3,93,New Orleans
Tankathon,3,94,Cleveland
Tankathon,3,95,Kansas City
Tankathon,3,96,Philadelphia
Tankathon,3,97,Minnesota
Tankathon,3,98,Miami
Tankathon,3,99,NY Giants
Tankathon,3,100,San Francisco
Tankathon,3,101,LA Rams
Tankathon,3,102,Detroit
Tankathon,4,103,Tennessee
Tankathon,4,104,Cleveland
Tankathon,4,105,NY Giants
Tankathon,4,106,New England
Tankathon,4,107,Jacksonville
Tankathon,4,108,Las Vegas
Tankathon,4,109,Buffalo
Tankathon,4,110,NY Jets
Tankathon,4,111,Carolina
Tankathon,4,112,New Orleans
Tankathon,4,113,San Francisco
Tankathon,4,114,Carolina
Tankathon,4,115,Arizona
Tankathon,4,116,Miami
Tankathon,4,117,Indianapolis
Tankathon,4,118,Atlanta
Tankathon,4,119,Cincinnati
Tankathon,4,120,Tennessee
Tankathon,4,121,Tampa Bay
Tankathon,4,122,Denver
Tankathon,4,123,Pittsburgh
Tankathon,4,124,Green Bay
Tankathon,4,125,LA Chargers
Tankathon,4,126,Jacksonville
Tankathon,4,127,LA Rams
Tankathon,4,128,Washington
Tankathon,4,129,Baltimore
Tankathon,4,130,Detroit
Tankathon,4,131,New Orleans
Tankathon,4,132,Buffalo
Tankathon,4,133,Kansas City
Tankathon,4,134,Philadelphia
Tankathon,4,135,Miami
Tankathon,4,136,Baltimore
Tankathon,4,137,Seattle
Tankathon,4,138,San Francisco
Tankathon,5,139,Minnesota
Tankathon,5,140,Carolina
Tankathon,5,141,Tennessee
Tankathon,5,142,Jacksonville
Tankathon,5,143,Las Vegas
Tankathon,5,144,New England
Tankathon,5,145,NY Jets
Tankathon,5,146,Carolina
Tankathon,5,147,San Francisco
Tankathon,5,148,Chicago
Tankathon,5,149,Dallas
Tankathon,5,150,Miami
Tankathon,5,151,Indianapolis
Tankathon,5,152,Arizona
Tankathon,5,153,Cincinnati
Tankathon,5,154,NY Giants
Tankathon,5,155,Miami
Tankathon,5,156,Pittsburgh
Tankathon,5,157,Tampa Bay
Tankathon,5,158,LA Chargers
Tankathon,5,159,Green Bay
Tankathon,5,160,San Francisco
Tankathon,5,161,Philadelphia
Tankathon,5,162,NY Jets
Tankathon,5,163,Carolina
Tankathon,5,164,Philadelphia
Tankathon,5,165,Philadelphia
Tankathon,5,166,Houston
Tankathon,5,167,Tennessee
Tankathon,5,168,Philadelphia
Tankathon,5,169,Buffalo
Tankathon,5,170,Buffalo
Tankathon,5,171,New England
Tankathon,5,172,Seattle
Tankathon,5,173,Buffalo
Tankathon,5,174,Dallas
Tankathon,5,175,Seattle
Tankathon,5,176,Baltimore
Tankathon,6,177,Buffalo
Tankathon,6,178,Tennessee
Tankathon,6,179,Cleveland
Tankathon,6,180,Las Vegas
Tankathon,6,181,LA Chargers
Tankathon,6,182,Jacksonville
Tankathon,6,183,Baltimore
Tankathon,6,184,New Orleans
Tankathon,6,185,Pittsburgh
Tankathon,6,186,NY Jets
Tankathon,6,187,Minnesota
Tankathon,6,188,Tennessee
Tankathon,6,189,Indianapolis
Tankathon,6,190,LA Rams
Tankathon,6,191,Denver
Tankathon,6,192,Cleveland
Tankathon,6,193,Cincinnati
Tankathon,6,194,Jacksonville
Tankathon,6,195,LA Rams
Tankathon,6,196,Detroit
Tankathon,6,197,Denver
Tankathon,6,198,Green Bay
Tankathon,6,199,LA Chargers
Tankathon,6,200,Cleveland
Tankathon,6,201,LA Rams
Tankathon,6,202,LA Rams
Tankathon,6,203,Baltimore
Tankathon,6,204,Dallas
Tankathon,6,205,Washington
Tankathon,6,206,Buffalo
Tankathon,6,207,NY Jets
Tankathon,6,208,Denver
Tankathon,6,209,LA Chargers
Tankathon,6,210,Baltimore
Tankathon,6,211,Dallas
Tankathon,6,212,Baltimore
Tankathon,6,213,Las Vegas
Tankathon,6,214,LA Chargers
Tankathon,6,215,Las Vegas
Tankathon,6,216,Cleveland
Tankathon,7,217,Dallas
Tankathon,7,218,Atlanta
Tankathon,7,219,NY Giants
Tankathon,7,220,New England
Tankathon,7,221,Jacksonville
Tankathon,7,222,Las Vegas
Tankathon,7,223,Seattle
Tankathon,7,224,Miami
Tankathon,7,225,Arizona
Tankathon,7,226,Kansas City
Tankathon,7,227,San Francisco
Tankathon,7,228,Detroit
Tankathon,7,229,Pittsburgh
Tankathon,7,230,Carolina
Tankathon,7,231,Miami
Tankathon,7,232,Indianapolis
Tankathon,7,233,Chicago
Tankathon,7,234,Seattle
Tankathon,7,235,Tampa Bay
Tankathon,7,236,Houston
Tankathon,7,237,Green Bay
Tankathon,7,238,New England
Tankathon,7,239,Dallas
Tankathon,7,240,Chicago
Tankathon,7,241,Houston
Tankathon,7,242,Atlanta
Tankathon,7,243,Baltimore
Tankathon,7,244,Detroit
Tankathon,7,245,Washington
Tankathon,7,246,NY Giants
Tankathon,7,247,Dallas
Tankathon,7,248,New Orleans
Tankathon,7,249,San Francisco
Tankathon,7,250,Green Bay
Tankathon,7,251,Kansas City
Tankathon,7,252,San Francisco
Tankathon,7,253,Miami
Tankathon,7,254,New Orleans
Tankathon,7,255,Cleveland
Tankathon,7,256,LA Chargers
Tankathon,7,257,Kansas City
